Brand Name,Name of the Product,Price,Return/Exchange,Expected Delivery,Availability,Product URL
JUAREZ,Juârez Acoustic Guitar,"1,999",7 days Replacement,"Wednesday, 17 May",In stock,https://www.amazon.in/Juarez-Acoustic-Cutaway-038C-Strings/dp/B017NPCSLI/ref=sr_1_1?crid=2LCNP7TDWFIX2&keywords=guiter&qid=1683909402&sprefix=guiter%2Caps%2C678&sr=8-1
Intern,Intern INT-38C Right hand Acoustic Guitar Kit,"2,161",7 days Replacement,"Wednesday, 17 May",In stock,https://www.amazon.in/Intern-INT-38C-Acoustic-Guitar-Black/dp/B073B6TQQY/ref=sr_1_2?crid=2LCNP7TDWFIX2&keywords=guiter&qid=1683909402&sprefix=guiter%2Caps%2C678&sr=8-2
JUAREZ,Juarez Lindenwood Acoustic Guitar Kit,"1,999",7 days Replacement,"Wednesday, 17 May",In stock,https://www.amazon.in/JUAREZ-JRZ38C-Acoustic-Sunburst-Strings/dp/B01FYYTDS6/ref=sr_1_3?crid=2LCNP7TDWFIX2&keywords=guiter&qid=1683909402&sprefix=guiter%2Caps%2C678&sr=8-3
REVEL,Revel 38 Inches Cutaway Design Acoustic Guitar with Carry bag and Plectrums. Great tone and Beginner/Learners standard size configuration for all age groups (Sunburst),"2,111",7 days Replacement,"Sunday, 14 May",In stock,https://www.amazon.in/Revel-RVL-38C-LGP-3TS-Linden-Acoustic-Sunburst/dp/B085HV4YW7/ref=sr_1_4?crid=2LCNP7TDWFIX2&keywords=guiter&qid=1683909402&sprefix=guiter%2Caps%2C678&sr=8-4
Medellin,Medellin M38 carbon fiber body 38 Incheses Acoustic Guitar (Blue Burst) Durable Matt finish With hAndrest,"2,349",7 days Replacement,"Wednesday, 17 May",In stock,https://www.amazon.in/Medellin-Acoustic-Guitar-Carbon-Learning/dp/B09MSGMQ3Y/ref=sr_1_5?crid=2LCNP7TDWFIX2&keywords=guiter&qid=1683909402&sprefix=guiter%2Caps%2C678&sr=8-5
Intern,Intern 38C Wooden Acoustic Steel-String Guitar Premium White Cutaway Design With Carry Bag,"2,137",7 days Replacement,"Wednesday, 17 May",In stock,https://www.amazon.in/Intern-Acoustic-Steel-string-plectrums-INT-38C-WH/dp/B09LR94Z2X/ref=sr_1_6?crid=2LCNP7TDWFIX2&keywords=guiter&qid=1683909402&sprefix=guiter%2Caps%2C678&sr=8-6
HOVNER,Hovner Standard 185 Natural Rosewood Fretboard Acoustic Guitar With Bag,"4,075",7 days Replacement,"Wednesday, 17 May",Only 1 left in stock,https://www.amazon.in/Standard-Rosewood-Fretboard-Acoustic-K-Retail/dp/B07KLVKW5Z/ref=sr_1_7?crid=2LCNP7TDWFIX2&keywords=guiter&qid=1683909402&sprefix=guiter%2Caps%2C678&sr=8-7
Henrix,Henrix 38C 38 Inch Cutaway Acoustic Guitar With Dual Action Truss Rod,"2,999",7 days Replacement,"Wednesday, 17 May",In stock,https://www.amazon.in/Henrix-Acoustic-Guitar-Die-cast-Dual-action/dp/B07VNDW6QF/ref=sr_1_8?crid=2LCNP7TDWFIX2&keywords=guiter&qid=1683909402&sprefix=guiter%2Caps%2C678&sr=8-8
Medellin,Medellin M38 carbon fiber body 38 Incheses Acoustic Guitar (Red) Durable Matt finish With hAndrest,"2,349",7 days Replacement,"Wednesday, 17 May",In stock,https://www.amazon.in/Medellin-carbn-fiber-guitar-38inch/dp/B09MSGVCDV/ref=sr_1_9?crid=2LCNP7TDWFIX2&keywords=guiter&qid=1683909402&sprefix=guiter%2Caps%2C678&sr=8-9
JUAREZ,Juarez Lindenwood Acoustic Guitar,"2,789",7 days Replacement,"Tuesday, 16 May",In stock,https://www.amazon.in/Juarez-Acoustic-Guitar-Cutaway-Strings/dp/B076QHZ4HZ/ref=sr_1_10?crid=2LCNP7TDWFIX2&keywords=guiter&qid=1683909402&sprefix=guiter%2Caps%2C678&sr=8-10
REVEL,Revel 38 Inches Cutaway Design Acoustic Guitar with Carry bag and Plectrums. Great tone and Beginner/Learners standard size configuration for all age groups (Black)…,"2,115",7 days Replacement,"Wednesday, 17 May",In stock,https://www.amazon.in/Acoustic-Plectrums-Beginner-Learners-configuration/dp/B0B4SSB8BJ/ref=sr_1_11?crid=2LCNP7TDWFIX2&keywords=guiter&qid=1683909402&sprefix=guiter%2Caps%2C678&sr=8-11
Fender,Fender 0147332370 (Player Plus Telecaster Electric Guitar Maple in Aged Candy Apple Red),"1,07,758",-,"Sunday, 14 May",In stock,https://www.amazon.in/Fender-0147332370-Player-Telecaster-Electric/dp/B09G2RB8WL/ref=sr_1_12?crid=2LCNP7TDWFIX2&keywords=guiter&qid=1683909402&sprefix=guiter%2Caps%2C678&sr=8-12
HOVNER,Hovner 215 Black F-Cut Rosewood Fretboard Acoustic Guitar With Bag,"4,580",7 days Replacement,"Wednesday, 17 May",In stock,https://www.amazon.in/Rosewood-Fretboard-Acoustic-Strings-K-Retail/dp/B07KLG8C4P/ref=sr_1_13?crid=2LCNP7TDWFIX2&keywords=guiter&qid=1683909402&sprefix=guiter%2Caps%2C678&sr=8-13
JUAREZ,JUAREZ Wood Acoustic Guitar,"2,116",7 days Replacement,"Wednesday, 17 May",In stock,https://www.amazon.in/Acoustic-Cutaway-TBLS-Strings-Sunburst/dp/B098BCCY75/ref=sr_1_14?crid=2LCNP7TDWFIX2&keywords=guiter&qid=1683909402&sprefix=guiter%2Caps%2C678&sr=8-14
JUAREZ,Juarez Lindenwood Acoustic Guitar Kit,"1,999",7 days Replacement,"Wednesday, 17 May",In stock,https://www.amazon.in/JUAREZ-JRZ38C-Acoustic-Sunburst-Strings/dp/B01FYYTDTU/ref=sr_1_15?crid=2LCNP7TDWFIX2&keywords=guiter&qid=1683909402&sprefix=guiter%2Caps%2C678&sr=8-15
Medellin,"Medellin 38"" Acoustic Guitar premium wood with adjustable Truss-rod","1,949",7 days Replacement,May 17 - 20,In stock,https://www.amazon.in/Medellin-Acoustic-adjustable-Truss-rod-learning/dp/B0BML6H5HT/ref=sr_1_16?crid=2LCNP7TDWFIX2&keywords=guiter&qid=1683909402&sprefix=guiter%2Caps%2C678&sr=8-16
Intern,Intern INT-38C Acoustic Guitar Kit (Red),"2,069",7 days Replacement,"Wednesday, 17 May",In stock,https://www.amazon.in/Intern-INT-38C-Acoustic-Guitar-Kit/dp/B073B6TF31/ref=sr_1_17?crid=2LCNP7TDWFIX2&keywords=guiter&qid=1683909402&sprefix=guiter%2Caps%2C678&sr=8-17
YAMAHA,Yamaha F280 Acoustic Rosewood Guitar (Natural,"7,200",7 days Replacement,"Tuesday, 16 May",In stock,https://www.amazon.in/Yamaha-F280-Acoustic-Guitar-Natural/dp/B08317Y4VP/ref=sr_1_18?crid=2LCNP7TDWFIX2&keywords=guiter&qid=1683909402&sprefix=guiter%2Caps%2C678&sr=8-18
ESH Creations,ESH Creations E41CHEQ Jumbo High Gloss Semi Acoustic Guitar with Foam Padded Bag,"6,497",7 days Replacement,"Sunday, 14 May",In stock,https://www.amazon.in/ESH-Creations-E41CHEQ-Acoustic-Strings/dp/B0BMGDVH1X/ref=sr_1_19?crid=2LCNP7TDWFIX2&keywords=guiter&qid=1683909402&sprefix=guiter%2Caps%2C678&sr=8-19
Intern,Intern INT-38C-BK-G Cutaway Right Handed Acoustic Guitar Kit,"2,161",7 days Replacement,"Wednesday, 17 May",In stock,https://www.amazon.in/Intern-INT-38C-BK-G-Guitar-Kit-Black/dp/B07K9497RC/ref=sr_1_20?crid=2LCNP7TDWFIX2&keywords=guiter&qid=1683909402&sprefix=guiter%2Caps%2C678&sr=8-20
MUSTANG,MUSTANG Pack of 2 Universal Guitar Stand by Hola! Music Fits Acoustic Classical Electric Bass Guitars Mandolins Banjos Ukuleles and Other Stringed Instruments,"1,190",-,"Sunday, 14 May",In stock,https://www.amazon.in/sspa/click?ie=UTF8&spc=MTozMTczMjE1MDI3MTk4MTY1OjE2ODM5MDk0MDI6c3BfbXRmOjIwMDg2MzMyMTYyOTAxOjowOjo&url=%2FUniversal-Acoustic-Classical-Mandolins-Instruments%2Fdp%2FB08XBRNC7T%2Fref%3Dsr_1_21_sspa%3Fcrid%3D2LCNP7TDWFIX2%26keywords%3Dguiter%26qid%3D1683909402%26sprefix%3Dguiter%252Caps%252C678%26sr%3D8-21-spons%26sp_csd%3Dd2lkZ2V0TmFtZT1zcF9tdGY%26psc%3D1
YAMAHA,Yamaha FS100C Acoustic Guitar,"9,990",7 days Replacement,"Tuesday, 16 May",In stock,https://www.amazon.in/Yamaha-FS-100C-6-String-Acoustic-without/dp/B00PAS9CK6/ref=sr_1_22?crid=2LCNP7TDWFIX2&keywords=guiter&qid=1683909402&sprefix=guiter%2Caps%2C678&sr=8-22
YAMAHA,Yamaha FX280 Tobacco Brown Sunburst Electro Acoustic Guitar,"11,190",7 days Replacement,"Thursday, 18 May",Only 1 left in stock,https://www.amazon.in/FX280-acoustic-Dreadnought-Tobacco-Sunburst/dp/B09HR7BXGW/ref=sr_1_23?crid=2LCNP7TDWFIX2&keywords=guiter&qid=1683909402&sprefix=guiter%2Caps%2C678&sr=8-23
YAMAHA,Yamaha F-600 6-Strings Acoustic Guitar (Natural),"14,490",7 days Replacement,"Monday, 15 May",Only 2 left in stock,https://www.amazon.in/Yamaha-6-Strings-Acoustic-Guitar-Natural/dp/B006N4MPEQ/ref=sr_1_24?crid=2LCNP7TDWFIX2&keywords=guiter&qid=1683909402&sprefix=guiter%2Caps%2C678&sr=8-24
YAMAHA,Yamaha FS100C Acoustic Guitar Concert body With Sponge Bag,"12,831",7 days Replacement,"Monday, 15 May",Only 2 left in stock,https://www.amazon.in/Yamaha-FS100C-6-Strings-Acoustic-Plectrums/dp/B085MFW67Z/ref=sr_1_25?crid=2LCNP7TDWFIX2&keywords=guiter&qid=1683909402&sprefix=guiter%2Caps%2C678&sr=8-25
YAMAHA,Yamaha Classic Guitar C40 - With Sponge Bag,"9,218",7 days Replacement,"Thursday, 18 May",In stock,https://www.amazon.in/Yamaha-Classic-Guitar-C40-Plectrums/dp/B08P7QBTCJ/ref=sr_1_26?crid=2LCNP7TDWFIX2&keywords=guiter&qid=1683909402&sprefix=guiter%2Caps%2C678&sr=8-26
YAMAHA,Yamaha FS100C Acoustic Guitar,"9,489",7 days Replacement,"Monday, 15 May",Only 2 left in stock,https://www.amazon.in/Yamaha-FS100C-Acoustic-Guitars-Natural/dp/B00QKD79QE/ref=sr_1_27?crid=2LCNP7TDWFIX2&keywords=guiter&qid=1683909402&sprefix=guiter%2Caps%2C678&sr=8-27
ESH Creations,ESH Creations E39CHEQ High Gloss Semi Acoustic Guitar with Foam Padded Bag,"5,397",7 days Replacement,"Sunday, 14 May",In stock,https://www.amazon.in/ESH-Creations-E39CHEQ-Acoustic-Strings/dp/B0BMVQL5J3/ref=sr_1_28?crid=2LCNP7TDWFIX2&keywords=guiter&qid=1683909402&sprefix=guiter%2Caps%2C678&sr=8-28
Intern,INTERN Cutaway Design Acoustic Guitar Pack -Humidity Proof body,"2,513",7 days Replacement,"Wednesday, 17 May",In stock,https://www.amazon.in/Cutaway-Acoustic-Humidity-resistance-resonance/dp/B09RRH7R5F/ref=sr_1_29?crid=2LCNP7TDWFIX2&keywords=guiter&qid=1683909402&sprefix=guiter%2Caps%2C678&sr=8-29
-,JUAREZ Acoustic Guitar 3xE 1st String & 2 Pick Set JRGSE32,84,7 days Replacement,"Sunday, 14 May",In stock,https://www.amazon.in/JUAREZ-Acoustic-Guitar-String-JRGSE32/dp/B08MW1WPW5/ref=sr_1_30?crid=2LCNP7TDWFIX2&keywords=guiter&qid=1683909402&sprefix=guiter%2Caps%2C678&sr=8-30
YAMAHA,YAMAHA JR2 NATURAL GUITAR,"12,741",7 days Replacement,"Sunday, 14 May",Only 2 left in stock,https://www.amazon.in/Yamaha-WW36280-YAMAHA-NATURAL-GUITAR/dp/B0042HTCJW/ref=sr_1_31?crid=2LCNP7TDWFIX2&keywords=guiter&qid=1683909402&sprefix=guiter%2Caps%2C678&sr=8-31
YAMAHA,Yamaha FS100C,"11,593",7 days Replacement,"Monday, 15 May",In stock,https://www.amazon.in/FS100C-6-Strings-Acoustic-Plectrums-Natural/dp/B085MDF8D4/ref=sr_1_32?crid=2LCNP7TDWFIX2&keywords=guiter&qid=1683909402&sprefix=guiter%2Caps%2C678&sr=8-32
YAMAHA,Yamaha F310,"9,362",7 days Replacement,"Wednesday, 17 May",In stock,https://www.amazon.in/Yamaha-F310-Acoustic-Guitar-Natural/dp/B08Z3C1GRM/ref=sr_1_33?crid=2LCNP7TDWFIX2&keywords=guiter&qid=1683909402&sprefix=guiter%2Caps%2C678&sr=8-33
Intern,Intern INT-38C 38 Incheses basswood-BLS-G Cutaway Right HAnded Acoustic Guitar Kit,"2,299",7 days Replacement,"Monday, 15 May",In stock,https://www.amazon.in/Intern-INT-38C-BLS-G-Guitar-Kit-Blue/dp/B07K8YXTNW/ref=sr_1_34?crid=2LCNP7TDWFIX2&keywords=guiter&qid=1683909402&sprefix=guiter%2Caps%2C678&sr=8-34
Intern,Intern INT-38C Lindenwood Acoustic Guitar Kit (Sunburst) With Carry Bag,"2,387",7 days Replacement,"Wednesday, 17 May",In stock,https://www.amazon.in/Intern-INT-38C-Acoustic-Guitar-Sunburst/dp/B073B5MJRM/ref=sr_1_35?crid=2LCNP7TDWFIX2&keywords=guiter&qid=1683909402&sprefix=guiter%2Caps%2C678&sr=8-35
JUAREZ,Juârez Acoustic Guitar,"2,876",7 days Replacement,"Sunday, 14 May",In stock,https://www.amazon.in/JUAREZ-JRZ38C-Handed-Acoustic-Strings/dp/B01FYYTDW2/ref=sr_1_36?crid=2LCNP7TDWFIX2&keywords=guiter&qid=1683909402&sprefix=guiter%2Caps%2C678&sr=8-36
Kadence,Kadence Frontier Series,"4,999",7 days Replacement,"Wednesday, 17 May",In stock,https://www.amazon.in/Kadence-Frontier-Acoustic-Natural-Equalizer/dp/B01I50UJG6/ref=sr_1_37?crid=2LCNP7TDWFIX2&keywords=guiter&qid=1683909402&sprefix=guiter%2Caps%2C678&sr=8-37
JUAREZ,Juarez JRZ-ST01 38 Inches Wood 6-String Electric Guitar,"5,749",7 days Replacement,"Tuesday, 16 May",In stock,https://www.amazon.in/Juarez-JRZ-ST01-6-String-Electric-Without/dp/B01FYZSOGM/ref=sr_1_38?crid=2LCNP7TDWFIX2&keywords=guiter&qid=1683909402&sprefix=guiter%2Caps%2C678&sr=8-38
Blueberry,Blueberry 38 Inch D38S Acoustic Guitar Kit Inbuilt Truss Rod,"2,849",7 days Replacement,"Monday, 15 May",Only 1 left in stock,https://www.amazon.in/Blueberry-Acoustic-Guitar-Inbuilt-Strings/dp/B07PHZ16BG/ref=sr_1_39?crid=2LCNP7TDWFIX2&keywords=guiter&qid=1683909402&sprefix=guiter%2Caps%2C678&sr=8-39
VAULT,Vault EA20CE Electro Acoustic Guitar Kit with Learn to Play Ebook,"5,499",7 days Replacement,"Wednesday, 17 May",In stock,https://www.amazon.in/Cutaway-Electro-Acoustic-Strings-Polishing/dp/B093VHQZGD/ref=sr_1_40?crid=2LCNP7TDWFIX2&keywords=guiter&qid=1683909402&sprefix=guiter%2Caps%2C678&sr=8-40
Intern,Intern INT-38C Acoustic Guitar Kit (Blue),"2,030",7 days Replacement,"Wednesday, 17 May",In stock,https://www.amazon.in/Intern-INT-38C-Acoustic-Guitar-Blue/dp/B073B5RZBV/ref=sr_1_41?crid=2LCNP7TDWFIX2&keywords=guiter&qid=1683909402&sprefix=guiter%2Caps%2C678&sr=8-41
Blueberry,Blueberry B40L,"4,270",7 days Replacement,"Monday, 15 May",In stock,https://www.amazon.in/Blueberry-Acoustic-Inbuilt-Strings-Classic/dp/B09VLF8B8G/ref=sr_1_42?crid=2LCNP7TDWFIX2&keywords=guiter&qid=1683909402&sprefix=guiter%2Caps%2C678&sr=8-42
Intern,INTERN 41 inches Acoustic Guitar with truss rod. Includes carry bag,"3,231",7 days Replacement,"Tuesday, 16 May",In stock,https://www.amazon.in/Acoustic-strings-plectrums-stability-age-groups/dp/B09YHC3LX6/ref=sr_1_43?crid=2LCNP7TDWFIX2&keywords=guiter&qid=1683909402&sprefix=guiter%2Caps%2C678&sr=8-43
YAMAHA,Yamaha 22.8 Inches Merantiwood Classical Guitar C40//02 (Brown),"7,950",7 days Replacement,"Tuesday, 16 May",In stock,https://www.amazon.in/Yamaha-Classical-Guitar-C40-02/dp/B003UGCUFE/ref=sr_1_44?crid=2LCNP7TDWFIX2&keywords=guiter&qid=1683909402&sprefix=guiter%2Caps%2C678&sr=8-44
Intern,Intern INT-38C-NT-G 38 Incheses lindenwood Right HAnded Acoustic Guitar Kit With Bag,"2,372",7 days Replacement,"Wednesday, 17 May",In stock,https://www.amazon.in/Intern-INT-38C-NT-G-Guitar-Kit-Natural/dp/B07K9MZZH9/ref=sr_1_45?crid=2LCNP7TDWFIX2&keywords=guiter&qid=1683909402&sprefix=guiter%2Caps%2C678&sr=8-45
Medellin,"Medellin 38"" Acoustic Guitar Carbon Fiber body+(Free Online Learning Course) - Durable Matt finish with handrest","2,349",7 days Replacement,"Wednesday, 17 May",In stock,https://www.amazon.in/Medellin-Acoustic-specailized-learning-beginners/dp/B09MSGN39M/ref=sr_1_46?crid=2LCNP7TDWFIX2&keywords=guiter&qid=1683909402&sprefix=guiter%2Caps%2C678&sr=8-46
VAULT,Vault Traveller 34 Inch Acoustic Guitar With Truss Rod,"4,084",7 days Replacement,"Wednesday, 17 May",In stock,https://www.amazon.in/Traveller-Acoustic-Guitar-Strings-Polishing/dp/B07RK9962M/ref=sr_1_47?crid=2LCNP7TDWFIX2&keywords=guiter&qid=1683909402&sprefix=guiter%2Caps%2C678&sr=8-47
DEVICE OF URBAN INFOTECH,DEVICE OF URBAN INFOTECH Guitar Tuner Clip on Chromatic Digital Tuner with Guitar Capo Metal Alloy Spring Guitar Capotastos for Acoustic Guitar,449,7 days Replacement,"Sunday, 14 May",In stock,https://www.amazon.in/DEVICE-URBAN-INFOTECH-Chromatic-Capotastos/dp/B0BGBGDW1W/ref=sr_1_48?crid=2LCNP7TDWFIX2&keywords=guiter&qid=1683909402&sprefix=guiter%2Caps%2C678&sr=8-48
MUSTANG,Tagima Junior 30 Inch Acoustic Guitar for Kids,"1,290",-,"Sunday, 14 May",In stock,https://www.amazon.in/Tagima-Junior-Inch-Acoustic-Guitar/dp/B0BTBWJTGH/ref=sr_1_49?crid=2LCNP7TDWFIX2&keywords=guiter&qid=1683909402&sprefix=guiter%2Caps%2C678&sr=8-49
JUAREZ,Juarez Acoustic Guitar,"2,665",7 days Replacement,"Wednesday, 17 May",In stock,https://www.amazon.in/Juarez-Acoustic-Guitar-Cutaway-Strings/dp/B084VRCCN7/ref=sr_1_49?crid=2LCNP7TDWFIX2&keywords=guiter&qid=1683909410&sprefix=guiter%2Caps%2C678&sr=8-49
JUAREZ,Juarez Acoustic Guitar,"2,665",7 days Replacement,"Wednesday, 17 May",In stock,https://www.amazon.in/Acoustic-Cutaway-3TS-Strings-Sunburst/dp/B098BD1MHM/ref=sr_1_50?crid=2LCNP7TDWFIX2&keywords=guiter&qid=1683909410&sprefix=guiter%2Caps%2C678&sr=8-50
JUAREZ,Juarez Arpéggio 104.14 cm (41 Inch) Semi-Acoustic Guitar Kit,"6,699",7 days Replacement,"Wednesday, 17 May",In stock,https://www.amazon.in/Juarez-Arp%C3%A9ggio-Semi-Acoustic-Guitar-Spruce/dp/B08KHR4BJZ/ref=sr_1_51?crid=2LCNP7TDWFIX2&keywords=guiter&qid=1683909410&sprefix=guiter%2Caps%2C678&sr=8-51
JUAREZ,Juârez Lindenwood Acoustic Guitar,"2,789",7 days Replacement,"Tuesday, 16 May",In stock,https://www.amazon.in/JUAREZ-JRZ38C-Handed-Acoustic-Strings/dp/B01FYYTDX6/ref=sr_1_52?crid=2LCNP7TDWFIX2&keywords=guiter&qid=1683909410&sprefix=guiter%2Caps%2C678&sr=8-52
Fender,Fender Acoustic Guitar Dreadnought Cd60 V3 Natural 970110521 Right-Hand One Of The Most Reputed Guitar Brands In The World,"12,578",7 days Replacement,"Sunday, 14 May",In stock,https://www.amazon.in/Fender-Dread-String-Acoustic-Guitar/dp/B07RL6VG3H/ref=sr_1_53?crid=2LCNP7TDWFIX2&keywords=guiter&qid=1683909410&sprefix=guiter%2Caps%2C678&sr=8-53
JUAREZ,Juarez Acoustic Guitar,"2,665",7 days Replacement,"Wednesday, 17 May",In stock,https://www.amazon.in/Juarez-Acoustic-Guitar-Cutaway-Strings/dp/B075XMRKMY/ref=sr_1_54?crid=2LCNP7TDWFIX2&keywords=guiter&qid=1683909410&sprefix=guiter%2Caps%2C678&sr=8-54
Intern,Intern 38C Ebony Wood Cutaway Design Acoustic Guitar with Picks And Carry Bag (Black),"2,047",7 days Replacement,"Wednesday, 17 May",In stock,https://www.amazon.in/Intern-38-inch-Cutaway-Design-Acoustic/dp/B07X4PN85R/ref=sr_1_55?crid=2LCNP7TDWFIX2&keywords=guiter&qid=1683909410&sprefix=guiter%2Caps%2C678&sr=8-55
YAMAHA,YAMAHA FS80C BLACK CONCERT CUTAWAY GUITAR,"7,990",7 days Replacement,"Wednesday, 17 May",In stock,https://www.amazon.in/YAMAHA-FS80C-CONCERT-CUTAWAY-GUITAR/dp/B08WBBVMVJ/ref=sr_1_56?crid=2LCNP7TDWFIX2&keywords=guiter&qid=1683909410&sprefix=guiter%2Caps%2C678&sr=8-56
Pyle,"Beginner 30"" Classical Acoustic Guitar - 6 String Junior Linden Wood Traditional Guitar W/Wooden Fretboard","13,005",-,May 24 - 27,,https://www.amazon.in/Classical-Traditional-Fretboard-Pyle-PGACLS30/dp/B07NVWHBBH/ref=sr_1_57?crid=2LCNP7TDWFIX2&keywords=guiter&qid=1683909410&sprefix=guiter%2Caps%2C678&sr=8-57
Kadence,Kadence Frontier Series 40 Incheses wood Semi Acoustic Guitar With Die Cast Keys (Bag,"4,999",7 days Replacement,"Wednesday, 17 May",In stock,https://www.amazon.in/Kadence-Frontier-Acoustic-Sunburst-Strings/dp/B07T5DMPZ3/ref=sr_1_58?crid=2LCNP7TDWFIX2&keywords=guiter&qid=1683909410&sprefix=guiter%2Caps%2C678&sr=8-58
JUAREZ,JUAREZ Arpéggio 104.14 cm (41 Inch) Semi-Acoustic Guitar Kit,"6,699",7 days Replacement,"Wednesday, 17 May",In stock,https://www.amazon.in/JUAREZ-Arp%C3%A9ggio-Semi-Acoustic-Guitar-Natural/dp/B08KHFJKZK/ref=sr_1_49?crid=2LCNP7TDWFIX2&keywords=guiter&qid=1683909410&sprefix=guiter%2Caps%2C678&sr=8-49
Kadence,Kadence Concert Sized Ukulele 24inch (Built in Equalizer) With Bag and Tuner (Saple Wood With Binding),"3,999",7 days Replacement,"Wednesday, 17 May",In stock,https://www.amazon.in/Kadence-Concert-Ukulele-Equalizer-Binding/dp/B08PNSGQBL/ref=sr_1_50?crid=2LCNP7TDWFIX2&keywords=guiter&qid=1683909410&sprefix=guiter%2Caps%2C678&sr=8-50
JUAREZ,Juârez Acoustic Guitar,"2,503",7 days Replacement,"Wednesday, 17 May",In stock,https://www.amazon.in/Juarez-Acoustic-Guitar-Cutaway-JRZ38CT/dp/B01N3TTYJQ/ref=sr_1_51?crid=2LCNP7TDWFIX2&keywords=guiter&qid=1683909410&sprefix=guiter%2Caps%2C678&sr=8-51
JUAREZ,Juarez 41 Inch Acoustic Guitar Kit with Truss Rod,"4,020",7 days Replacement,"Wednesday, 17 May",In stock,https://www.amazon.in/Acoustic-Strings-Rosette-Rosewood-Fretboard/dp/B09FPQX7RN/ref=sr_1_52?crid=2LCNP7TDWFIX2&keywords=guiter&qid=1683909410&sprefix=guiter%2Caps%2C678&sr=8-52
JUAREZ,Juârez JRZ38C/WH 6 Strings Acoustic Guitar 38 Inch Cutaway,"2,650",7 days Replacement,"Sunday, 14 May",In stock,https://www.amazon.in/Ju%C3%A2rez-JRZ38C-WH-Strings-Acoustic/dp/B072MFK4L6/ref=sr_1_53?crid=2LCNP7TDWFIX2&keywords=guiter&qid=1683909410&sprefix=guiter%2Caps%2C678&sr=8-53
Kadence,"Medellin 38"" Acoustic Guitar premium wood with adjustable Truss-rod","2,499",7 days Returnable,"Wednesday, 17 May",In stock,https://www.amazon.in/Medellin-Acoustic-adjustable-Truss-rod-learning/dp/B0BRPZMPYN/ref=sr_1_54?crid=2LCNP7TDWFIX2&keywords=guiter&qid=1683909410&sprefix=guiter%2Caps%2C678&sr=8-54
JUAREZ,Juarez JRZ-ST02 6-String 38 Inches Wood Electric Guitar,"5,749",7 days Replacement,"Sunday, 14 May",In stock,https://www.amazon.in/Juarez-JRZ-ST01-6-String-Electric-Without/dp/B01FYZSOHG/ref=sr_1_55?crid=2LCNP7TDWFIX2&keywords=guiter&qid=1683909410&sprefix=guiter%2Caps%2C678&sr=8-55
Blueberry,Blueberry VIP 405,"4,590",7 days Returnable,"Monday, 15 May",In stock,https://www.amazon.in/Blueberry-VIP-405-Cutaway-Acoustic/dp/B0BVZBL1VJ/ref=sr_1_56?crid=2LCNP7TDWFIX2&keywords=guiter&qid=1683909410&sprefix=guiter%2Caps%2C678&sr=8-56
Kadence,Kadence 40 Incheses Frontier Series,"5,499",7 days Replacement,"Sunday, 14 May",In stock,https://www.amazon.in/Kadence-Frontier-Acoustic-Guitar-Strings/dp/B07T48VTZ1/ref=sr_1_57?crid=2LCNP7TDWFIX2&keywords=guiter&qid=1683909410&sprefix=guiter%2Caps%2C678&sr=8-57
YAMAHA,Yamaha F Series FSX315C Concert Cutaway Acoustic-Electric Guitar - Natural,"18,899",7 days Replacement,"Monday, 15 May",In stock,https://www.amazon.in/Yamaha-FSX315C-Concert-Cutaway-Acoustic-Electric/dp/B00H576YCO/ref=sr_1_58?crid=2LCNP7TDWFIX2&keywords=guiter&qid=1683909410&sprefix=guiter%2Caps%2C678&sr=8-58
Medellin,"Medellin 38"" Acoustic Guitar Carbon Fiber body+(Free Online Learning Course) - Durable Matt finish with handrest","2,349",7 days Replacement,"Wednesday, 17 May",In stock,https://www.amazon.in/Medellin-carbn-guitar-38inch-NATURAL/dp/B09MSHD6TS/ref=sr_1_59?crid=2LCNP7TDWFIX2&keywords=guiter&qid=1683909410&sprefix=guiter%2Caps%2C678&sr=8-59
Kadence,Kadence Frontier Series,"4,999",7 days Replacement,"Wednesday, 17 May",In stock,https://www.amazon.in/Kadence-Frontier-Acoustic-Guitar-Strings/dp/B01CJJG328/ref=sr_1_60?crid=2LCNP7TDWFIX2&keywords=guiter&qid=1683909410&sprefix=guiter%2Caps%2C678&sr=8-60
Blueberry,Blueberry VIP 300,"2,795",7 days Returnable,"Monday, 15 May",In stock,https://www.amazon.in/Blueberry-Acoustic-Guitar-String-Picks/dp/B0BVHZ8VXH/ref=sr_1_61?crid=2LCNP7TDWFIX2&keywords=guiter&qid=1683909410&sprefix=guiter%2Caps%2C678&sr=8-61
FESTRA,Festra 38C,"2,560",7 days Replacement,"Monday, 15 May",In stock,https://www.amazon.in/Festra-38C-Acoustic-Strings-Natural/dp/B09JT6C952/ref=sr_1_62?crid=2LCNP7TDWFIX2&keywords=guiter&qid=1683909410&sprefix=guiter%2Caps%2C678&sr=8-62
Blueberry,Blueberry VIP 385,"3,290",7 days Returnable,"Monday, 15 May",In stock,https://www.amazon.in/Blueberry-VIP-385-Guitar-String/dp/B0BVW7QCNC/ref=sr_1_63?crid=2LCNP7TDWFIX2&keywords=guiter&qid=1683909410&sprefix=guiter%2Caps%2C678&sr=8-63
Fender,Fender Acoustic Guitar Dreadnought CD60 V3 970110506 Black Right-Handed One of The Most reputed Guitar Brands in the World,"12,500",7 days Replacement,"Wednesday, 17 May",In stock,https://www.amazon.in/Fender-Dread-String-Acoustic-Guitar/dp/B07RM4B5LJ/ref=sr_1_64?crid=2LCNP7TDWFIX2&keywords=guiter&qid=1683909410&sprefix=guiter%2Caps%2C678&sr=8-64
VAULT,Vault EA40 41 inch Premium Solid Spruce-Top Cutaway Acoustic Guitar,"6,934",7 days Replacement,"Sunday, 14 May",In stock,https://www.amazon.in/Premium-Spruce-Top-Cutaway-Acoustic-Guitar/dp/B08FFZY6BJ/ref=sr_1_65?crid=2LCNP7TDWFIX2&keywords=guiter&qid=1683909410&sprefix=guiter%2Caps%2C678&sr=8-65
Intern,Intern INT-38C-RD-G Linden Wood Cutaway Right Handed Acoustic Guitar Kit,"2,948",7 days Replacement,"Wednesday, 17 May",In stock,https://www.amazon.in/Intern-INT-38C-RD-G-Guitar-Kit-Red/dp/B07K959RKX/ref=sr_1_66?crid=2LCNP7TDWFIX2&keywords=guiter&qid=1683909410&sprefix=guiter%2Caps%2C678&sr=8-66
Intern,Intern Int-38c Sunburst Linden Wood Acoustic Guitar Kit with Carry Bag and Picks,"2,199",7 days Replacement,"Monday, 15 May",In stock,https://www.amazon.in/Intern-INT-38C-Sunburst-Acoustic-Guitar/dp/B07X1J4D3Z/ref=sr_1_67?crid=2LCNP7TDWFIX2&keywords=guiter&qid=1683909410&sprefix=guiter%2Caps%2C678&sr=8-67
Pyle,Beginner 41ââ‚¬Â Cutaway Acoustic Guitar - Standard Full Size 6 String Dreadnought Natural Matte Finish w/ Gig Bag,"24,064",-,May 24 - 27,,https://www.amazon.in/Beginner-Cutaway-Acoustic-Guitar-Dreadnought/dp/B08QW81F4H/ref=sr_1_68?crid=2LCNP7TDWFIX2&keywords=guiter&qid=1683909410&sprefix=guiter%2Caps%2C678&sr=8-68
Blueberry,Blueberry B-40,"4,740",7 days Replacement,"Monday, 15 May",In stock,https://www.amazon.in/Blueberry-B-40Y-Acoustic-Inbuilt-Strings/dp/B07PLK112T/ref=sr_1_69?crid=2LCNP7TDWFIX2&keywords=guiter&qid=1683909410&sprefix=guiter%2Caps%2C678&sr=8-69
JUAREZ,JUAREZ 96.52 cm (38 Inch) Acoustic Guitar with Dual Action Truss Rod,"3,197",7 days Replacement,"Wednesday, 17 May",Only 1 left in stock,https://www.amazon.in/JUAREZ-Acoustic-Guitar-3TS-Sunburst/dp/B08FV1KHTT/ref=sr_1_70?crid=2LCNP7TDWFIX2&keywords=guiter&qid=1683909410&sprefix=guiter%2Caps%2C678&sr=8-70
Kadence,Kadence Frontier Jumbo Semi Acoustic Guitar With Die Cast Keys,"6,899",7 days Replacement,"Wednesday, 17 May",In stock,https://www.amazon.in/Kadence-Frontier-Acoustic-Guitar-Equalizer/dp/B01HRIHJWY/ref=sr_1_71?crid=2LCNP7TDWFIX2&keywords=guiter&qid=1683909410&sprefix=guiter%2Caps%2C678&sr=8-71
Kadence,Kadence Slowhand Premium Jumbo Semi Acoustic Guitar with Heavy Padded Bag,"11,999",7 days Replacement,"Wednesday, 17 May",In stock,https://www.amazon.in/Kadence-Slowhand-Premium-Acoustic-Instrument/dp/B077SZ667X/ref=sr_1_72?crid=2LCNP7TDWFIX2&keywords=guiter&qid=1683909410&sprefix=guiter%2Caps%2C678&sr=8-72
Blueberry,Blueberry 38C,"2,560",7 days Replacement,"Monday, 15 May",Only 1 left in stock,https://www.amazon.in/Blueberry-38C-Acoustic-Strings-Natural/dp/B08KLNFL2Y/ref=sr_1_73?crid=2LCNP7TDWFIX2&keywords=guiter&qid=1683909410&sprefix=guiter%2Caps%2C678&sr=8-73
Kadence,Kadence Frontier 34inch guitar for Kids,"2,999",7 days Replacement,"Wednesday, 17 May",In stock,https://www.amazon.in/Kadence-Professional-Guitar-Years-Strings/dp/B07YZK5B2Z/ref=sr_1_74?crid=2LCNP7TDWFIX2&keywords=guiter&qid=1683909410&sprefix=guiter%2Caps%2C678&sr=8-74
YAMAHA,Yamaha F280 Acoustic Guitar,"7,490",7 days Replacement,"Wednesday, 17 May",In stock,https://www.amazon.in/Yamaha-Acoustic-Guitar-Tobacco-Sunburst/dp/B08VXR74Q2/ref=sr_1_75?crid=2LCNP7TDWFIX2&keywords=guiter&qid=1683909410&sprefix=guiter%2Caps%2C678&sr=8-75
Intern,Intern INT-38C Acoustic Guitar Kit (Natural),"2,948",7 days Replacement,"Wednesday, 17 May",In stock,https://www.amazon.in/Intern-INT-38C-Acoustic-Guitar-Natural/dp/B073B4D22T/ref=sr_1_76?crid=2LCNP7TDWFIX2&keywords=guiter&qid=1683909410&sprefix=guiter%2Caps%2C678&sr=8-76
YAMAHA,Yamaha F280 Acoustic Guitar,"7,999",7 days Replacement,"Sunday, 14 May",In stock,https://www.amazon.in/Yamaha-Acoustic-Guitar-Natural-Bajaao/dp/B08RMP2F6Z/ref=sr_1_77?crid=2LCNP7TDWFIX2&keywords=guiter&qid=1683909410&sprefix=guiter%2Caps%2C678&sr=8-77
Intern,INTERN 41 inches Cutaway Shape Acoustic Guitar with truss rod. Includes plectrums. Premium Wooden durable built,"2,961",7 days Replacement,"Monday, 15 May",Only 1 left in stock,https://www.amazon.in/Cutaway-Acoustic-plectrums-stability-resistance/dp/B09YH8LP53/ref=sr_1_78?crid=2LCNP7TDWFIX2&keywords=guiter&qid=1683909410&sprefix=guiter%2Caps%2C678&sr=8-78
YAMAHA,Yamaha FSX80C Semi acoustic cutaway guitar (natural),"12,490",7 days Replacement,"Wednesday, 17 May",In stock,https://www.amazon.in/Yamaha-FSX80C-Acoustic-Cutaway-Natural/dp/B09HL3GFZF/ref=sr_1_79?crid=2LCNP7TDWFIX2&keywords=guiter&qid=1683909410&sprefix=guiter%2Caps%2C678&sr=8-79
YAMAHA,YAMAHA F310-TBS Right Handed Spruce,"10,990",-,May 19 - 22,In stock,https://www.amazon.in/Yamaha-6-String-Acoustic-Right-Handed-Sunburst/dp/B000WITGQO/ref=sr_1_80?crid=2LCNP7TDWFIX2&keywords=guiter&qid=1683909410&sprefix=guiter%2Caps%2C678&sr=8-80
JUAREZ,Juarez Acoustic Guitar,"2,665",7 days Replacement,"Wednesday, 17 May",In stock,https://www.amazon.in/Juarez-Acoustic-Cutaway-BK-Strings/dp/B076T3RHMG/ref=sr_1_81?crid=2LCNP7TDWFIX2&keywords=guiter&qid=1683909410&sprefix=guiter%2Caps%2C678&sr=8-81
JUAREZ,Juârez JRZ38C/MAH 6 Strings Acoustic Guitar 38 Inch Cutaway,"2,799",7 days Replacement,"Wednesday, 17 May",In stock,https://www.amazon.in/JRZ38C-Strings-Acoustic-Cutaway-Mahogany/dp/B071JM8C6T/ref=sr_1_82?crid=2LCNP7TDWFIX2&keywords=guiter&qid=1683909410&sprefix=guiter%2Caps%2C678&sr=8-82
YAMAHA,Yamaha FS80C 25 Incheses sprucewood The Ultimate Concert Body Cutaway Acoustic Guitar (Black) With Bajaao Gig-Bag,"9,709",7 days Replacement,"Thursday, 18 May",In stock,https://www.amazon.in/Ultimate-Concert-Cutaway-Acoustic-Bajaao/dp/B08WHWKKV5/ref=sr_1_83?crid=2LCNP7TDWFIX2&keywords=guiter&qid=1683909410&sprefix=guiter%2Caps%2C678&sr=8-83
Martin Smith,Martin Smith W-101-SB-PK Acoustic Guitar Super Kit with Stand (Sun Burst),"5,504",7 days Replacement,"Wednesday, 17 May",In stock,https://www.amazon.in/Martin-Smith-W-101-SB-PK-Acoustic-Guitar/dp/B019MY0ZGI/ref=sr_1_84?crid=2LCNP7TDWFIX2&keywords=guiter&qid=1683909410&sprefix=guiter%2Caps%2C678&sr=8-84
Fender,Fender Acoustic Guitar Dreadnought Solid CD60S Black 970110006 Right-Hand One of The Most reputed Guitar Brands in the World,"17,999",7 days Replacement,"Thursday, 18 May",Only 2 left in stock,https://www.amazon.in/Fender-Classic-Design-Dreadnought-Acoustic/dp/B07HYS18LJ/ref=sr_1_85?crid=2LCNP7TDWFIX2&keywords=guiter&qid=1683909410&sprefix=guiter%2Caps%2C678&sr=8-85
YAMAHA,Yamaha F310-TBS Right Handed Acoustic Guitar (Tobacco Sunburst,"9,831",7 days Replacement,"Wednesday, 17 May",In stock,https://www.amazon.in/Yamaha-Acoustic-Guitar-Tobacco-Sunburst/dp/B08Z35ZR9Y/ref=sr_1_86?crid=2LCNP7TDWFIX2&keywords=guiter&qid=1683909410&sprefix=guiter%2Caps%2C678&sr=8-86
YAMAHA,Yamaha F310-TBS Right Handed Acoustic Guitar (Tobacco Sunburst,"9,831",7 days Replacement,"Wednesday, 17 May",In stock,https://www.amazon.in/Yamaha-Acoustic-Guitar-Tobacco-Sunburst/dp/B08Z35ZR9Y/ref=sr_1_97?crid=2LCNP7TDWFIX2&keywords=guiter&qid=1683909418&sprefix=guiter%2Caps%2C678&sr=8-97
JUAREZ,Juarez Acoustic Lindenwood Guitar,"2,650",7 days Replacement,"Wednesday, 17 May",In stock,https://www.amazon.in/Acoustic-Cutaway-RDS-Strings-Sunburst/dp/B076QGY91P/ref=sr_1_98?crid=2LCNP7TDWFIX2&keywords=guiter&qid=1683909418&sprefix=guiter%2Caps%2C678&sr=8-98
JUAREZ,JUAREZ Arpeggio 41 Inch Acoustic Guitar Kit,"5,996",7 days Replacement,"Wednesday, 17 May",In stock,https://www.amazon.in/JUAREZ-Arpeggio-Acoustic-Rosewood-Fretboard/dp/B08LBGLRFC/ref=sr_1_99?crid=2LCNP7TDWFIX2&keywords=guiter&qid=1683909418&sprefix=guiter%2Caps%2C678&sr=8-99
Schecter,SGR S 1 MIDNIGHT SATIN BLACK Electric guitars Metal - modern,"25,499",7 days Replacement,"Sunday, 14 May",Only 1 left in stock,https://www.amazon.in/MIDNIGHT-SATIN-BLACK-Electric-guitars/dp/B009OAA4O4/ref=sr_1_100?crid=2LCNP7TDWFIX2&keywords=guiter&qid=1683909418&sprefix=guiter%2Caps%2C678&sr=8-100
Generic,Acoustic Guitar Linden Wood,490,-,,,https://www.amazon.in/Acoustic-Rosewood-Orientation-Antique-Natural/dp/B09W9W17X6/ref=sr_1_101?crid=2LCNP7TDWFIX2&keywords=guiter&qid=1683909418&sprefix=guiter%2Caps%2C678&sr=8-101
Intern,INTERN 41 inches Acoustic Guitar with truss rod. Includes carry bag,"4,499",7 days Replacement,"Wednesday, 17 May",Only 1 left in stock,https://www.amazon.in/Acoustic-plectrums-stability-age-groups-Refreshing/dp/B09YH89RVZ/ref=sr_1_102?crid=2LCNP7TDWFIX2&keywords=guiter&qid=1683909418&sprefix=guiter%2Caps%2C678&sr=8-102
VAULT,Vault DA40 41 Inch Premium Solid Spruce-Top Dreadnought Acoustic Guitar With Allen Key,"6,934",7 days Replacement,"Sunday, 14 May",In stock,https://www.amazon.in/Premium-Spruce-Top-Dreadnought-Acoustic-Guitar/dp/B0BJK1CWSN/ref=sr_1_103?crid=2LCNP7TDWFIX2&keywords=guiter&qid=1683909418&sprefix=guiter%2Caps%2C678&sr=8-103
Intern,Intern Int-38c Linden Wood Acoustic Guitar Kit with Carry Bag and Picks (Brown),"2,299",7 days Replacement,"Wednesday, 17 May",In stock,https://www.amazon.in/Intern-INT-38C-Brown-Acoustic-Guitar/dp/B07X2HV158/ref=sr_1_104?crid=2LCNP7TDWFIX2&keywords=guiter&qid=1683909418&sprefix=guiter%2Caps%2C678&sr=8-104
JUAREZ,JUAREZ Arpeggio Guitar JRA41SP-RD-K,"6,775",7 days Replacement,"Tuesday, 16 May",In stock,https://www.amazon.in/JUAREZ-Arpeggio-Guitar-JRA41SP-RD-K-red/dp/B08MW8CWG8/ref=sr_1_105?crid=2LCNP7TDWFIX2&keywords=guiter&qid=1683909418&sprefix=guiter%2Caps%2C678&sr=8-105
JUAREZ,JUAREZ JRZ-ST01,"6,323",7 days Replacement,"Wednesday, 17 May",In stock,https://www.amazon.in/JRZ-ST01-6-String-Electric-Sunburst-Without/dp/B01FYZSOEE/ref=sr_1_106?crid=2LCNP7TDWFIX2&keywords=guiter&qid=1683909418&sprefix=guiter%2Caps%2C678&sr=8-106
JUAREZ,JUAREZ Arpeggio Guitar JRA39SR-BL-K,"7,221",7 days Replacement,"Wednesday, 17 May",In stock,https://www.amazon.in/JUAREZ-Arpeggio-Guitar-JRA39SR-BL-K-blue/dp/B08MWB5Y67/ref=sr_1_97?crid=2LCNP7TDWFIX2&keywords=guiter&qid=1683909418&sprefix=guiter%2Caps%2C678&sr=8-97
JUAREZ,JUAREZ Arpeggio Guitar JRB40LN-3TS,"5,329",7 days Replacement,"Sunday, 14 May",In stock,https://www.amazon.in/JUAREZ-JRB40LN-3TS-Arpeggio-Guitar/dp/B08MW8F9VS/ref=sr_1_98?crid=2LCNP7TDWFIX2&keywords=guiter&qid=1683909418&sprefix=guiter%2Caps%2C678&sr=8-98
YAMAHA,YAMAHA FS80C NATURAL CONCERT CUTAWAY GUITAR,"7,727",7 days Replacement,"Wednesday, 17 May",In stock,https://www.amazon.in/YAMAHA-NATURAL-CONCERT-CUTAWAY-GUITAR/dp/B08KW4DRKL/ref=sr_1_99?crid=2LCNP7TDWFIX2&keywords=guiter&qid=1683909418&sprefix=guiter%2Caps%2C678&sr=8-99
Intern,Intern INT-38C-SB-G Linden Wood Cutaway Right Handed Acoustic Guitar Kit,"2,424",7 days Replacement,"Wednesday, 17 May",In stock,https://www.amazon.in/Intern-INT-38C-SB-G-Guitar-Kit-Sunburst/dp/B07K8WLPLH/ref=sr_1_100?crid=2LCNP7TDWFIX2&keywords=guiter&qid=1683909418&sprefix=guiter%2Caps%2C678&sr=8-100
YAMAHA,Yamaha F280 Acoustic Guitar Dreadnought With Sponge Bag Belt and Plectrums.,"9,889",7 days Replacement,"Thursday, 18 May",In stock,https://www.amazon.in/Yamaha-F280-Acoustic-Dreadnought-Plectrums/dp/B08Q8C6VW8/ref=sr_1_101?crid=2LCNP7TDWFIX2&keywords=guiter&qid=1683909418&sprefix=guiter%2Caps%2C678&sr=8-101
JUAREZ,JUAREZ Arpeggio 99.06 cm (39 Inch) Semi-Acoustic Guitar Kit,"6,547",7 days Replacement,"Wednesday, 17 May",In stock,https://www.amazon.in/JUAREZ-Arpeggio-Semi-Acoustic-Rosewood-Fretboard/dp/B08LBG3F36/ref=sr_1_102?crid=2LCNP7TDWFIX2&keywords=guiter&qid=1683909418&sprefix=guiter%2Caps%2C678&sr=8-102
Blueberry,Blueberry VIP 360,"2,999",7 days Returnable,"Monday, 15 May",In stock,https://www.amazon.in/Blueberry-Acoustic-Guitar-String-Picks/dp/B0BVR87LN3/ref=sr_1_103?crid=2LCNP7TDWFIX2&keywords=guiter&qid=1683909418&sprefix=guiter%2Caps%2C678&sr=8-103
MUSTANG,MUSTANG Pack of 2 Universal Guitar Stand by Hola! Music Fits Acoustic Classical Electric Bass Guitars Mandolins Banjos Ukuleles and Other Stringed Instruments,"1,190",-,"Sunday, 14 May",In stock,https://www.amazon.in/Universal-Acoustic-Classical-Mandolins-Instruments/dp/B08XBRNC7T/ref=sr_1_104?crid=2LCNP7TDWFIX2&keywords=guiter&qid=1683909418&sprefix=guiter%2Caps%2C678&sr=8-104
YAMAHA,Yamaha 16 Incheses wood Acoustic Guitar F280 Dreadnought With Mexa Sponge Bag Belt,"8,939",7 days Replacement,"Thursday, 18 May",In stock,https://www.amazon.in/Acoustic-F280-Dreadnought-Plectrums-Natural/dp/B092TPXZRN/ref=sr_1_105?crid=2LCNP7TDWFIX2&keywords=guiter&qid=1683909418&sprefix=guiter%2Caps%2C678&sr=8-105
Blueberry,Blueberry 38C,"2,275",7 days Replacement,"Monday, 15 May",In stock,https://www.amazon.in/Blueberry-38C-Acoustic-Strings-Sunburst/dp/B08KLMQN88/ref=sr_1_106?crid=2LCNP7TDWFIX2&keywords=guiter&qid=1683909418&sprefix=guiter%2Caps%2C678&sr=8-106
Cort,Cort Acoustic Guitar AD810 Right Handed Guitar With Padded Bag,"10,649",7 days Replacement,"Thursday, 18 May",Only 2 left in stock,https://www.amazon.in/Cort-Acoustic-Guitar-Plectrums-Complete/dp/B08RCV5R52/ref=sr_1_107?crid=2LCNP7TDWFIX2&keywords=guiter&qid=1683909418&sprefix=guiter%2Caps%2C678&sr=8-107
JUAREZ,JUAREZ Arpeggio 39 Inch Acoustic Guitar Kit,"5,979",7 days Replacement,"Wednesday, 17 May",In stock,https://www.amazon.in/JUAREZ-Arpeggio-Acoustic-Rosewood-Fretboard/dp/B08LBJ8PTM/ref=sr_1_108?crid=2LCNP7TDWFIX2&keywords=guiter&qid=1683909418&sprefix=guiter%2Caps%2C678&sr=8-108
BigPlayer,BigPlayer gitar listrik elektrik cheap kit acoustic electric guitar meccaniche chitarra elettrica giutar,"12,439",7 days Replacement,"Sunday, 14 May",Only 2 left in stock,https://www.amazon.in/BigPlayer-gitar-listrik-elektrik-meccaniche/dp/B08XQSLZVB/ref=sr_1_109?crid=2LCNP7TDWFIX2&keywords=guiter&qid=1683909418&sprefix=guiter%2Caps%2C678&sr=8-109
YAMAHA,Yamaha FS80C Acoustic Guitar Cutaway Concert Body With Mexa Sponge Bag,"10,139",7 days Replacement,"Thursday, 18 May",Only 1 left in stock,https://www.amazon.in/FS80C-Acoustic-Cutaway-Concert-Plectrums/dp/B09HSHGD3B/ref=sr_1_110?crid=2LCNP7TDWFIX2&keywords=guiter&qid=1683909418&sprefix=guiter%2Caps%2C678&sr=8-110
JUAREZ,JUAREZ Arpeggio 99.06 cm (39 Inch) Acoustic Guitar Kit,"5,960",7 days Replacement,"Tuesday, 16 May",In stock,https://www.amazon.in/JUAREZ-Arpeggio-Acoustic-Rosewood-Fretboard/dp/B08LBHB547/ref=sr_1_111?crid=2LCNP7TDWFIX2&keywords=guiter&qid=1683909418&sprefix=guiter%2Caps%2C678&sr=8-111
Medellin,"Medellin 38"" Acoustic Guitar Purple Burst Carbon Fiber body+(Free Online Learning Course) - Durable Matt finish with handrest","2,349",7 days Replacement,"Wednesday, 17 May",In stock,https://www.amazon.in/Medellin-Acoustic-Guitar-Purple-Learning/dp/B09MSGPQ43/ref=sr_1_112?crid=2LCNP7TDWFIX2&keywords=guiter&qid=1683909418&sprefix=guiter%2Caps%2C678&sr=8-112
JUAREZ,JUAREZ Arpeggio Guitar JRA41SP-Q-BL - blue,"6,775",7 days Replacement,"Wednesday, 17 May",In stock,https://www.amazon.in/JUAREZ-Arpeggio-Guitar-JRA41SP-Q-BL-blue/dp/B08MWBBGS6/ref=sr_1_113?crid=2LCNP7TDWFIX2&keywords=guiter&qid=1683909418&sprefix=guiter%2Caps%2C678&sr=8-113
YAMAHA,Yamaha F280 Acoustic sprucewood Guitar Dreadnought With Mexa Guitar Bag,"9,980",7 days Replacement,"Thursday, 18 May",In stock,https://www.amazon.in/Yamaha-F280-Acoustic-Dreadnought-Plectrum/dp/B08VN2V5V3/ref=sr_1_114?crid=2LCNP7TDWFIX2&keywords=guiter&qid=1683909418&sprefix=guiter%2Caps%2C678&sr=8-114
KETOSTICS,Ketostics Givson Venus Special Cutaway Rosewood 41 Inch Acoustic Guitar Kit with Bag,"4,199",-,"Wednesday, 17 May",In stock,https://www.amazon.in/Ketostics-Rosewood-Acoustic-Plectrums-sunbrust/dp/B09NSXMVF4/ref=sr_1_115?crid=2LCNP7TDWFIX2&keywords=guiter&qid=1683909418&sprefix=guiter%2Caps%2C678&sr=8-115
YAMAHA,YAMAHA Pacifica012 Electric Guitar,"15,500",7 days Replacement,"Friday, 19 May",Only 1 left in stock,https://www.amazon.in/Yamaha-PACIFICA012-Electric-Guitar-Metallic/dp/B00REF6CII/ref=sr_1_116?crid=2LCNP7TDWFIX2&keywords=guiter&qid=1683909418&sprefix=guiter%2Caps%2C678&sr=8-116
YAMAHA,Yamaha C40M Classical Guitar,"7,690",7 days Replacement,"Tuesday, 16 May",In stock,https://www.amazon.in/Yamaha-C40MII-Acoustic-Concert-Guitar/dp/B005LG2JRK/ref=sr_1_117?crid=2LCNP7TDWFIX2&keywords=guiter&qid=1683909418&sprefix=guiter%2Caps%2C678&sr=8-117
Intern,INTERN 40 inches Acoustic Guitar with Pick-up & truss rod,"4,671",7 days Replacement,"Wednesday, 17 May",In stock,https://www.amazon.in/Acoustic-Pick-up-stability-professional-amplificaiton/dp/B09YH89JZQ/ref=sr_1_118?crid=2LCNP7TDWFIX2&keywords=guiter&qid=1683909418&sprefix=guiter%2Caps%2C678&sr=8-118
Blueberry,Blueberry 38C,"2,560",7 days Replacement,"Monday, 15 May",In stock,https://www.amazon.in/Blueberry-Acoustic-Guitar-Strings-Redburst/dp/B09N9R525J/ref=sr_1_119?crid=2LCNP7TDWFIX2&keywords=guiter&qid=1683909418&sprefix=guiter%2Caps%2C678&sr=8-119
Blueberry,Blueberry B-38C-Brown 38 Inch Acoustic Guitar Kit with Bag,"2,695",7 days Replacement,"Monday, 15 May",Only 1 left in stock,https://www.amazon.in/Blueberry-B-38C-Brown-Acoustic-Guitar-Strings/dp/B0B71BHDGQ/ref=sr_1_120?crid=2LCNP7TDWFIX2&keywords=guiter&qid=1683909418&sprefix=guiter%2Caps%2C678&sr=8-120
JUAREZ,JUAREZ Arpeggio 99.06 cm (39 Inch) Semi-Acoustic Guitar Kit,"6,547",7 days Replacement,"Sunday, 14 May",In stock,https://www.amazon.in/JUAREZ-Arpeggio-Semi-Acoustic-Rosewood-Fretboard/dp/B08LBGWG6P/ref=sr_1_121?crid=2LCNP7TDWFIX2&keywords=guiter&qid=1683909418&sprefix=guiter%2Caps%2C678&sr=8-121
JUAREZ,Juârez JRZ38C/VTS 6 Strings Acoustic Guitar 38 Inch Cutaway,"2,650",7 days Replacement,"Wednesday, 17 May",In stock,https://www.amazon.in/JRZ38C-VTS-Strings-Acoustic-Cutaway/dp/B072MFLQC9/ref=sr_1_122?crid=2LCNP7TDWFIX2&keywords=guiter&qid=1683909418&sprefix=guiter%2Caps%2C678&sr=8-122
Fender,Fender 0144022538 (Player Duo-Sonic™ HS,"64,858",-,"Sunday, 14 May",Only 1 left in stock,https://www.amazon.in/Fender-Solid-Body-Electric-Transparent-144022538/dp/B083F5CGJ2/ref=sr_1_123?crid=2LCNP7TDWFIX2&keywords=guiter&qid=1683909418&sprefix=guiter%2Caps%2C678&sr=8-123
JUAREZ,JUAREZ JRZ38CTR/BK 38 Inch Acoustic Guitar with Dual Action Truss Rod,"3,197",7 days Replacement,"Wednesday, 17 May",In stock,https://www.amazon.in/JUAREZ-JRZ38CTR-BK-Acoustic-Guitar/dp/B08FTZK7H8/ref=sr_1_124?crid=2LCNP7TDWFIX2&keywords=guiter&qid=1683909418&sprefix=guiter%2Caps%2C678&sr=8-124
YAMAHA,YAMAHA F310,"8,982",7 days Replacement,"Sunday, 14 May",In stock,https://www.amazon.in/Yamaha-F310-6-Strings-Acoustic-Natural/dp/B000RVYW7E/ref=sr_1_125?crid=2LCNP7TDWFIX2&keywords=guiter&qid=1683909418&sprefix=guiter%2Caps%2C678&sr=8-125
Ibanez,"Ibanez MD39C-NT 39"" Cutaway Acoustic Guitar With Gig-Bag","7,999",7 days Replacement,"Sunday, 14 May",In stock,https://www.amazon.in/Ibanez-MD39C-NT-Cutaway-Acoustic-Polishing/dp/B084BQJCP8/ref=sr_1_126?crid=2LCNP7TDWFIX2&keywords=guiter&qid=1683909418&sprefix=guiter%2Caps%2C678&sr=8-126
Fender,Fender 0379410502 (40th Anniversary Stratocaster Electric Guitar Gold Edition Lake Placid Blue),"64,623",-,"Tuesday, 16 May",Only 2 left in stock,https://www.amazon.in/Fender-0379410502-Anniversary-Stratocaster-Electric/dp/B09RX4BQPX/ref=sr_1_127?crid=2LCNP7TDWFIX2&keywords=guiter&qid=1683909418&sprefix=guiter%2Caps%2C678&sr=8-127
Huntington,Huntington GA41C-NT Acoustic Cutaway Guitar 41-Inch,"18,908",-,June 2 - 3,,https://www.amazon.in/Huntington-GA41C-NT-Acoustic-Cutaway-41-Inch/dp/B00GV0K3CS/ref=sr_1_128?crid=2LCNP7TDWFIX2&keywords=guiter&qid=1683909418&sprefix=guiter%2Caps%2C678&sr=8-128
TECHBLAZE,TECHBLAZE 6 Pcs Guitar Tuning Pegs for Acoustic Chrome Guitar Keys 3 Left 3 Right Guitar Machine Heads Knobs With Strap Button Locks Guitar Keys 3R+3L 6 pieces- Chrome,549,7 days Replacement,"Sunday, 14 May",In stock,https://www.amazon.in/TECHBLAZE-Guitar-Acoustic-Machine-pieces/dp/B098XG2QQ9/ref=sr_1_129?crid=2LCNP7TDWFIX2&keywords=guiter&qid=1683909418&sprefix=guiter%2Caps%2C678&sr=8-129
Fender,Fender 0970310321 (PD-220E Dreadnought Acoustic Guitar,"78,178",-,"Tuesday, 16 May",Only 1 left in stock,https://www.amazon.in/Fender-0970310321-PD-220E-Dreadnought-Acoustic/dp/B09RWK9XKJ/ref=sr_1_130?crid=2LCNP7TDWFIX2&keywords=guiter&qid=1683909418&sprefix=guiter%2Caps%2C678&sr=8-130
YAMAHA,YAMAHA Mexa Yamaha F310,"10,839",7 days Replacement,"Thursday, 18 May",Only 2 left in stock,https://www.amazon.in/yamaha-acoustic-guitar-Dreadnought-Plectrums/dp/B07KB8VP6X/ref=sr_1_131?crid=2LCNP7TDWFIX2&keywords=guiter&qid=1683909418&sprefix=guiter%2Caps%2C678&sr=8-131
Martin Smith,Martin Smith W-101-RD-PK Acoustic Guitar Super Kit with Stand (Red),"9,499",7 days Replacement,"Tuesday, 16 May",In stock,https://www.amazon.in/Martin-Smith-W-101-RD-PK-Acoustic-Guitar/dp/B01EUWC5HE/ref=sr_1_132?crid=2LCNP7TDWFIX2&keywords=guiter&qid=1683909418&sprefix=guiter%2Caps%2C678&sr=8-132
Blueberry,SHARE BY Blueberry R-40- Trussrod Acoustic Guitar Kit with Bag,"4,500",7 days Replacement,"Monday, 15 May",In stock,https://www.amazon.in/Blueberry-Trussrod-Acoustic-Strings-Natural/dp/B09WLNQFC9/ref=sr_1_133?crid=2LCNP7TDWFIX2&keywords=guiter&qid=1683909418&sprefix=guiter%2Caps%2C678&sr=8-133
